Broker Reference,Entry Number,Master Bills,House Bills,Customer Number,Arrival Date,Invoice Line - PO Number,Invoice Line - Part Number,Invoice Line - Country Origin Code,Invoice Line - Units,Mawb/BillofLading,PO,Shipment,Mode,Style,ColorCode,Size,Dimensions,SKUID,SAPLineNo,ASNPieces,POPieces,POShipDate,POShipMode,ASNShipMode,UnitCost
436455,31604364559,APLU031970557,NULL,JCREW,1/10/2010,2574920,21021,CN,127,APLU031970557,2574920,1,SEA,21021,WT0002,XS,NULL,21021WT0002XS,101,127,130,12/23/2009,Sea,Sea,$18.93
436455,31604364559,APLU031970557,NULL,JCREW,1/10/2010,4016516,24892,CN,340,APLU031970557,4016516,2,SEA,24892,BR5804,0,NULL,24892BR58040,102,40,50,12/23/2009,Sea,Sea,$14.48
436455,31604364559,APLU031970557,NULL,JCREW,1/10/2010,4016516,24892,CN,340,APLU031970557,4016516,2,SEA,24892,BR5804,12,NULL,24892BR580412,108,23,21,12/23/2009,Sea,Sea,$14.48
436455,31604364559,APLU031970557,NULL,JCREW,1/10/2010,4016516,24892,CN,340,APLU031970557,4016516,2,SEA,24892,BR5804,10,NULL,24892BR580410,107,26,29,12/23/2009,Sea,Sea,$14.48
436455,31604364559,APLU031970557,NULL,JCREW,1/10/2010,4016516,24892,CN,340,APLU031970557,4016516,2,SEA,24892,BR5804,8,NULL,24892BR58048,106,38,39,12/23/2009,Sea,Sea,$14.48
436455,31604364559,APLU031970557,NULL,JCREW,1/10/2010,4016516,24892,CN,340,APLU031970557,4016516,2,SEA,24892,BR5804,6,NULL,24892BR58046,105,51,50,12/23/2009,Sea,Sea,$14.48
436455,31604364559,APLU031970557,NULL,JCREW,1/10/2010,4016516,24892,CN,340,APLU031970557,4016516,2,SEA,24892,BR5804,4,NULL,24892BR58044,104,80,86,12/23/2009,Sea,Sea,$14.48
436455,31604364559,APLU031970557,NULL,JCREW,1/10/2010,4016516,24892,CN,340,APLU031970557,4016516,2,SEA,24892,BR5804,2,NULL,24892BR58042,103,82,79,12/23/2009,Sea,Sea,$14.48
436455,31604364559,APLU031970557,NULL,JCREW,1/10/2010,2575775,22526,CN,13718,APLU031970557,2575775,1,SEA,22526,NA6445,4,NULL,22526NA64454,135,486,468,12/23/2009,Sea,Sea,$11.27
436455,31604364559,APLU031970557,NULL,JCREW,1/10/2010,2575775,22526,CN,13718,APLU031970557,2575775,1,SEA,22526,NA6445,6,NULL,22526NA64456,136,437,421,12/23/2009,Sea,Sea,$11.27
436455,31604364559,APLU031970557,NULL,JCREW,1/10/2010,2575775,22526,CN,13718,APLU031970557,2575775,1,SEA,22526,NA6445,8,NULL,22526NA64458,137,341,328,12/23/2009,Sea,Sea,$11.27
436455,31604364559,APLU031970557,NULL,JCREW,1/10/2010,2575775,22526,CN,13718,APLU031970557,2575775,1,SEA,22526,NA6445,10,NULL,22526NA644510,138,243,234,12/23/2009,Sea,Sea,$11.27
436455,31604364559,APLU031970557,NULL,JCREW,1/10/2010,2575775,22526,CN,13718,APLU031970557,2575775,1,SEA,22526,NA6445,12,NULL,22526NA644512,139,144,140,12/23/2009,Sea,Sea,$11.27
436455,31604364559,APLU031970557,NULL,JCREW,1/10/2010,2575775,22526,CN,13718,APLU031970557,2575775,1,SEA,22526,NA6445,14,NULL,22526NA644514,140,72,70,12/23/2009,Sea,Sea,$11.27
436455,31604364559,APLU031970557,NULL,JCREW,1/10/2010,2575775,22526,CN,13718,APLU031970557,2575775,1,SEA,22526,GR6222,0,NULL,22526GR622200,142,41,41,12/23/2009,Sea,Sea,$11.27
436455,31604364559,APLU031970557,NULL,JCREW,1/10/2010,2575775,22526,CN,13718,APLU031970557,2575775,1,SEA,22526,GR6222,0,NULL,22526GR62220,143,144,141,12/23/2009,Sea,Sea,$11.27
436455,31604364559,APLU031970557,NULL,JCREW,1/10/2010,2575775,22526,CN,13718,APLU031970557,2575775,1,SEA,22526,GR6222,2,NULL,22526GR62222,144,232,224,12/23/2009,Sea,Sea,$11.27
436455,31604364559,APLU031970557,NULL,JCREW,1/10/2010,2575775,22526,CN,13718,APLU031970557,2575775,1,SEA,22526,GR6222,4,NULL,22526GR62224,145,288,280,12/23/2009,Sea,Sea,$11.27
436455,31604364559,APLU031970557,NULL,JCREW,1/10/2010,2575775,22526,CN,13718,APLU031970557,2575775,1,SEA,22526,GR6222,6,NULL,22526GR62226,146,262,252,12/23/2009,Sea,Sea,$11.27
436455,31604364559,APLU031970557,NULL,JCREW,1/10/2010,2575775,22526,CN,13718,APLU031970557,2575775,1,SEA,22526,GR6222,8,NULL,22526GR62228,147,204,197,12/23/2009,Sea,Sea,$11.27
436455,31604364559,APLU031970557,NULL,JCREW,1/10/2010,2575775,22526,CN,13718,APLU031970557,2575775,1,SEA,22526,GR6222,10,NULL,22526GR622210,148,144,140,12/23/2009,Sea,Sea,$11.27
436455,31604364559,APLU031970557,NULL,JCREW,1/10/2010,2575775,22526,CN,13718,APLU031970557,2575775,1,SEA,22526,NA6445,2,NULL,22526NA64452,134,388,374,12/23/2009,Sea,Sea,$11.27
436455,31604364559,APLU031970557,NULL,JCREW,1/10/2010,2575775,22526,CN,13718,APLU031970557,2575775,1,SEA,22526,NA6445,0,NULL,22526NA64450,133,243,234,12/23/2009,Sea,Sea,$11.27
436455,31604364559,APLU031970557,NULL,JCREW,1/10/2010,2575775,22526,CN,13718,APLU031970557,2575775,1,SEA,22526,NA6445,0,NULL,22526NA644500,132,72,71,12/23/2009,Sea,Sea,$11.27
436455,31604364559,APLU031970557,NULL,JCREW,1/10/2010,2575775,22526,CN,13718,APLU031970557,2575775,1,SEA,22526,GY6393,14,NULL,22526GY639314,131,133,128,12/23/2009,Sea,Sea,$11.27
436455,31604364559,APLU031970557,NULL,JCREW,1/10/2010,2575775,22526,CN,13718,APLU031970557,2575775,1,SEA,22526,GY6393,12,NULL,22526GY639312,130,264,255,12/23/2009,Sea,Sea,$11.27
436455,31604364559,APLU031970557,NULL,JCREW,1/10/2010,2575775,22526,CN,13718,APLU031970557,2575775,1,SEA,22526,GY6393,10,NULL,22526GY639310,129,438,425,12/23/2009,Sea,Sea,$11.27
436455,31604364559,APLU031970557,NULL,JCREW,1/10/2010,2575775,22526,CN,13718,APLU031970557,2575775,1,SEA,22526,GY6393,8,NULL,22526GY63938,128,588,595,12/23/2009,Sea,Sea,$11.27
436455,31604364559,APLU031970557,NULL,JCREW,1/10/2010,2575775,22526,CN,13718,APLU031970557,2575775,1,SEA,22526,GY6393,6,NULL,22526GY63936,127,794,765,12/23/2009,Sea,Sea,$11.27
436455,31604364559,APLU031970557,NULL,JCREW,1/10/2010,2575775,22526,CN,13718,APLU031970557,2575775,1,SEA,22526,GY6393,4,NULL,22526GY63934,126,884,850,12/23/2009,Sea,Sea,$11.27
436455,31604364559,APLU031970557,NULL,JCREW,1/10/2010,2575775,22526,CN,13718,APLU031970557,2575775,1,SEA,22526,GY6393,2,NULL,22526GY63932,125,700,680,12/23/2009,Sea,Sea,$11.27
436455,31604364559,APLU031970557,NULL,JCREW,1/10/2010,2575775,22526,CN,13718,APLU031970557,2575775,1,SEA,22526,GY6393,0,NULL,22526GY63930,124,442,425,12/23/2009,Sea,Sea,$11.27
436455,31604364559,APLU031970557,NULL,JCREW,1/10/2010,2575775,22526,CN,13718,APLU031970557,2575775,1,SEA,22526,GY6393,0,NULL,22526GY639300,123,132,127,12/23/2009,Sea,Sea,$11.27
436455,31604364559,APLU031970557,NULL,JCREW,1/10/2010,2575775,22526,CN,13718,APLU031970557,2575775,1,SEA,22526,GR6222,14,NULL,22526GR622214,122,42,42,12/23/2009,Sea,Sea,$11.27
436455,31604364559,APLU031970557,NULL,JCREW,1/10/2010,2575775,22526,CN,13718,APLU031970557,2575775,1,SEA,22526,GR6222,12,NULL,22526GR622212,121,86,83,12/23/2009,Sea,Sea,$11.27
436455,31604364559,APLU031970557,NULL,JCREW,1/10/2010,2575775,22526,CN,13718,APLU031970557,2575775,1,SEA,22526,BK0001,14,NULL,22526BK000114,113,165,159,12/23/2009,Sea,Sea,$11.27
436455,31604364559,APLU031970557,NULL,JCREW,1/10/2010,2575775,22526,CN,13718,APLU031970557,2575775,1,SEA,22526,BK0001,12,NULL,22526BK000112,112,330,318,12/23/2009,Sea,Sea,$11.27
436455,31604364559,APLU031970557,NULL,JCREW,1/10/2010,2575775,22526,CN,13718,APLU031970557,2575775,1,SEA,22526,BK0001,10,NULL,22526BK000110,111,546,530,12/23/2009,Sea,Sea,$11.27
436455,31604364559,APLU031970557,NULL,JCREW,1/10/2010,2575775,22526,CN,13718,APLU031970557,2575775,1,SEA,22526,BK0001,8,NULL,22526BK00018,110,761,742,12/23/2009,Sea,Sea,$11.27
436455,31604364559,APLU031970557,NULL,JCREW,1/10/2010,2575775,22526,CN,13718,APLU031970557,2575775,1,SEA,22526,BK0001,6,NULL,22526BK00016,109,992,954,12/23/2009,Sea,Sea,$11.27
436455,31604364559,APLU031970557,NULL,JCREW,1/10/2010,2575775,22526,CN,13718,APLU031970557,2575775,1,SEA,22526,BK0001,4,NULL,22526BK00014,108,1102,1060,12/23/2009,Sea,Sea,$11.27
436455,31604364559,APLU031970557,NULL,JCREW,1/10/2010,2575775,22526,CN,13718,APLU031970557,2575775,1,SEA,22526,BK0001,2,NULL,22526BK00012,107,864,848,12/23/2009,Sea,Sea,$11.27
436455,31604364559,APLU031970557,NULL,JCREW,1/10/2010,2575775,22526,CN,13718,APLU031970557,2575775,1,SEA,22526,BK0001,0,NULL,22526BK00010,106,549,530,12/23/2009,Sea,Sea,$11.27
436455,31604364559,APLU031970557,NULL,JCREW,1/10/2010,2575775,22526,CN,13718,APLU031970557,2575775,1,SEA,22526,BK0001,0,NULL,22526BK000100,105,165,159,12/23/2009,Sea,Sea,$11.27
436455,31604364559,APLU031970557,NULL,JCREW,1/10/2010,1576330,22366,CN,358,APLU031970557,1576330,1,SEA,22366,GR1705,8,NULL,22366GR17058,116,33,33,12/23/2009,Sea,Sea,$27.25
436455,31604364559,APLU031970557,NULL,JCREW,1/10/2010,1576330,22366,CN,358,APLU031970557,1576330,1,SEA,22366,GR1705,10,NULL,22366GR170510,117,24,24,12/23/2009,Sea,Sea,$27.25
436455,31604364559,APLU031970557,NULL,JCREW,1/10/2010,1576330,22366,CN,358,APLU031970557,1576330,1,SEA,22366,GR1705,12,NULL,22366GR170512,118,15,15,12/23/2009,Sea,Sea,$27.25
436455,31604364559,APLU031970557,NULL,JCREW,1/10/2010,1576330,22366,CN,358,APLU031970557,1576330,1,SEA,22366,GR1705,14,NULL,22366GR170514,119,2,2,12/23/2009,Sea,Sea,$27.25
436455,31604364559,APLU031970557,NULL,JCREW,1/10/2010,1576330,22366,CN,358,APLU031970557,1576330,1,SEA,22366,GR1705,6,NULL,22366GR17056,115,51,51,12/23/2009,Sea,Sea,$27.25
436455,31604364559,APLU031970557,NULL,JCREW,1/10/2010,1576330,22366,CN,358,APLU031970557,1576330,1,SEA,22366,GR1705,4,NULL,22366GR17054,114,59,59,12/23/2009,Sea,Sea,$27.25
436455,31604364559,APLU031970557,NULL,JCREW,1/10/2010,1576330,22366,CN,358,APLU031970557,1576330,1,SEA,22366,BR6407,2,NULL,22366BR64072,105,21,21,12/23/2009,Sea,Sea,$27.25
436455,31604364559,APLU031970557,NULL,JCREW,1/10/2010,1576330,22366,CN,358,APLU031970557,1576330,1,SEA,22366,BR6407,0,NULL,22366BR64070,104,11,11,12/23/2009,Sea,Sea,$27.25
436455,31604364559,APLU031970557,NULL,JCREW,1/10/2010,1576330,22366,CN,358,APLU031970557,1576330,1,SEA,22366,GR1705,2,NULL,22366GR17052,113,48,48,12/23/2009,Sea,Sea,$27.25
436455,31604364559,APLU031970557,NULL,JCREW,1/10/2010,1576330,22366,CN,358,APLU031970557,1576330,1,SEA,22366,GR1705,0,NULL,22366GR17050,112,34,34,12/23/2009,Sea,Sea,$27.25
436455,31604364559,APLU031970557,NULL,JCREW,1/10/2010,1576330,22366,CN,358,APLU031970557,1576330,1,SEA,22366,BR6407,14,NULL,22366BR640714,111,5,5,12/23/2009,Sea,Sea,$27.25
436455,31604364559,APLU031970557,NULL,JCREW,1/10/2010,1576330,22366,CN,358,APLU031970557,1576330,1,SEA,22366,BR6407,12,NULL,22366BR640712,110,8,8,12/23/2009,Sea,Sea,$27.25
436455,31604364559,APLU031970557,NULL,JCREW,1/10/2010,1576330,22366,CN,358,APLU031970557,1576330,1,SEA,22366,BR6407,10,NULL,22366BR640710,109,11,11,12/23/2009,Sea,Sea,$27.25
436455,31604364559,APLU031970557,NULL,JCREW,1/10/2010,1576330,22366,CN,358,APLU031970557,1576330,1,SEA,22366,BR6407,8,NULL,22366BR64078,108,13,13,12/23/2009,Sea,Sea,$27.25
436455,31604364559,APLU031970557,NULL,JCREW,1/10/2010,1576330,22366,CN,358,APLU031970557,1576330,1,SEA,22366,BR6407,6,NULL,22366BR64076,107,12,12,12/23/2009,Sea,Sea,$27.25
436455,31604364559,APLU031970557,NULL,JCREW,1/10/2010,1576330,22366,CN,358,APLU031970557,1576330,1,SEA,22366,BR6407,4,NULL,22366BR64074,106,11,11,12/23/2009,Sea,Sea,$27.25
436455,31604364559,APLU031970557,NULL,JCREW,1/10/2010,1581818,17897,CN,262,APLU031970557,1581818,1,SEA,17897,WT0002,T2,NULL,17897WT0002T2,102,19,18,12/23/2009,Sea,Sea,$19.57
436455,31604364559,APLU031970557,NULL,JCREW,1/10/2010,1581818,17897,CN,262,APLU031970557,1581818,1,SEA,17897,WT0002,T14,NULL,17897WT0002T14,108,31,29,12/23/2009,Sea,Sea,$19.57
436455,31604364559,APLU031970557,NULL,JCREW,1/10/2010,1581818,17897,CN,262,APLU031970557,1581818,1,SEA,17897,WT0002,T12,NULL,17897WT0002T12,107,40,35,12/23/2009,Sea,Sea,$19.57
436455,31604364559,APLU031970557,NULL,JCREW,1/10/2010,1581818,17897,CN,262,APLU031970557,1581818,1,SEA,17897,WT0002,T10,NULL,17897WT0002T10,106,38,38,12/23/2009,Sea,Sea,$19.57
436455,31604364559,APLU031970557,NULL,JCREW,1/10/2010,1581818,17897,CN,262,APLU031970557,1581818,1,SEA,17897,WT0002,T8,NULL,17897WT0002T8,105,54,54,12/23/2009,Sea,Sea,$19.57
436455,31604364559,APLU031970557,NULL,JCREW,1/10/2010,1581818,17897,CN,262,APLU031970557,1581818,1,SEA,17897,WT0002,T6,NULL,17897WT0002T6,104,50,50,12/23/2009,Sea,Sea,$19.57
436455,31604364559,APLU031970557,NULL,JCREW,1/10/2010,1581818,17897,CN,262,APLU031970557,1581818,1,SEA,17897,WT0002,T4,NULL,17897WT0002T4,103,30,26,12/23/2009,Sea,Sea,$19.57
436455,31604364559,APLU031970557,NULL,JCREW,1/10/2010,1580178,17668,CN,999,APLU031970557,1580178,1,SEA,17668,WT0002,0,NULL,17668WT00020,102,86,86,12/23/2009,Sea,Sea,$19.90
436455,31604364559,APLU031970557,NULL,JCREW,1/10/2010,1580178,17668,CN,999,APLU031970557,1580178,1,SEA,17668,WT0002,2,NULL,17668WT00022,103,115,114,12/23/2009,Sea,Sea,$19.90
436455,31604364559,APLU031970557,NULL,JCREW,1/10/2010,1580178,17668,CN,999,APLU031970557,1580178,1,SEA,17668,WT0002,4,NULL,17668WT00024,104,176,175,12/23/2009,Sea,Sea,$19.90
436455,31604364559,APLU031970557,NULL,JCREW,1/10/2010,1580178,17668,CN,999,APLU031970557,1580178,1,SEA,17668,WT0002,6,NULL,17668WT00026,105,185,184,12/23/2009,Sea,Sea,$19.90
436455,31604364559,APLU031970557,NULL,JCREW,1/10/2010,1580178,17668,CN,999,APLU031970557,1580178,1,SEA,17668,WT0002,8,NULL,17668WT00028,106,160,161,12/23/2009,Sea,Sea,$19.90
436455,31604364559,APLU031970557,NULL,JCREW,1/10/2010,1580178,17668,CN,999,APLU031970557,1580178,1,SEA,17668,WT0002,10,NULL,17668WT000210,107,115,111,12/23/2009,Sea,Sea,$19.90
436455,31604364559,APLU031970557,NULL,JCREW,1/10/2010,1580178,17668,CN,999,APLU031970557,1580178,1,SEA,17668,WT0002,12,NULL,17668WT000212,108,82,85,12/23/2009,Sea,Sea,$19.90
436455,31604364559,APLU031970557,NULL,JCREW,1/10/2010,1580178,17668,CN,999,APLU031970557,1580178,1,SEA,17668,WT0002,14,NULL,17668WT000214,109,80,80,12/23/2009,Sea,Sea,$19.90
436455,31604364559,APLU031970557,NULL,JCREW,1/10/2010,1581817,17895,CN,228,APLU031970557,1581817,1,SEA,17895,WT0002,P2,NULL,17895WT0002P2,103,46,41,12/23/2009,Sea,Sea,$19.01
436455,31604364559,APLU031970557,NULL,JCREW,1/10/2010,1581817,17895,CN,228,APLU031970557,1581817,1,SEA,17895,WT0002,P0,NULL,17895WT0002P0,102,57,65,12/23/2009,Sea,Sea,$19.01
436455,31604364559,APLU031970557,NULL,JCREW,1/10/2010,1581817,17895,CN,228,APLU031970557,1581817,1,SEA,17895,WT0002,P12,NULL,17895WT0002P12,108,20,18,12/23/2009,Sea,Sea,$19.01
436455,31604364559,APLU031970557,NULL,JCREW,1/10/2010,1581817,17895,CN,228,APLU031970557,1581817,1,SEA,17895,WT0002,P10,NULL,17895WT0002P10,107,24,26,12/23/2009,Sea,Sea,$19.01
436455,31604364559,APLU031970557,NULL,JCREW,1/10/2010,1581817,17895,CN,228,APLU031970557,1581817,1,SEA,17895,WT0002,P8,NULL,17895WT0002P8,106,21,21,12/23/2009,Sea,Sea,$19.01
436455,31604364559,APLU031970557,NULL,JCREW,1/10/2010,1581817,17895,CN,228,APLU031970557,1581817,1,SEA,17895,WT0002,P6,NULL,17895WT0002P6,105,26,24,12/23/2009,Sea,Sea,$19.01
436455,31604364559,APLU031970557,NULL,JCREW,1/10/2010,1581817,17895,CN,228,APLU031970557,1581817,1,SEA,17895,WT0002,P4,NULL,17895WT0002P4,104,34,39,12/23/2009,Sea,Sea,$19.01
436455,31604364559,APLU031970557,NULL,JCREW,1/10/2010,2574685,11454,CN,7555,APLU031970557,2574685,1,SEA,11454,WT0002,L,NULL,11454WT0002L,111,532,507,12/23/2009,Sea,Sea,$11.79
436455,31604364559,APLU031970557,NULL,JCREW,1/10/2010,2574685,11454,CN,7555,APLU031970557,2574685,1,SEA,11454,PR5720,XS,NULL,11454PR5720XS,103,743,708,12/23/2009,Sea,Sea,$11.99
436455,31604364559,APLU031970557,NULL,JCREW,1/10/2010,2574685,11454,CN,7555,APLU031970557,2574685,1,SEA,11454,PR5720,S,NULL,11454PR5720S,104,1292,1231,12/23/2009,Sea,Sea,$11.99
436455,31604364559,APLU031970557,NULL,JCREW,1/10/2010,2574685,11454,CN,7555,APLU031970557,2574685,1,SEA,11454,WT0002,XL,NULL,11454WT0002XL,112,195,186,12/23/2009,Sea,Sea,$11.79
436455,31604364559,APLU031970557,NULL,JCREW,1/10/2010,2574685,11454,CN,7555,APLU031970557,2574685,1,SEA,11454,PR5720,M,NULL,11454PR5720M,105,1253,1194,12/23/2009,Sea,Sea,$11.99
436455,31604364559,APLU031970557,NULL,JCREW,1/10/2010,2574685,11454,CN,7555,APLU031970557,2574685,1,SEA,11454,PR5720,L,NULL,11454PR5720L,106,665,634,12/23/2009,Sea,Sea,$11.99
436455,31604364559,APLU031970557,NULL,JCREW,1/10/2010,2574685,11454,CN,7555,APLU031970557,2574685,1,SEA,11454,PR5720,XL,NULL,11454PR5720XL,107,244,233,12/23/2009,Sea,Sea,$11.99
436455,31604364559,APLU031970557,NULL,JCREW,1/10/2010,2574685,11454,CN,7555,APLU031970557,2574685,1,SEA,11454,WT0002,XS,NULL,11454WT0002XS,108,595,567,12/23/2009,Sea,Sea,$11.79
436455,31604364559,APLU031970557,NULL,JCREW,1/10/2010,2574685,11454,CN,7555,APLU031970557,2574685,1,SEA,11454,WT0002,S,NULL,11454WT0002S,109,1034,985,12/23/2009,Sea,Sea,$11.79
436455,31604364559,APLU031970557,NULL,JCREW,1/10/2010,2574685,11454,CN,7555,APLU031970557,2574685,1,SEA,11454,WT0002,M,NULL,11454WT0002M,110,1002,955,12/23/2009,Sea,Sea,$11.79
436455,31604364559,APLU031970557,NULL,JCREW,1/10/2010,8018502,24141,CN,129,APLU031970557,8018502,1,SEA,24141,OR5217,7-Jun,NULL,24141OR52176-7,108,24,23,12/23/2009,Sea,Sea,$22.55
436455,31604364559,APLU031970557,NULL,JCREW,1/10/2010,8018502,24141,CN,129,APLU031970557,8018502,1,SEA,24141,OR5217,8,NULL,24141OR52178,103,21,20,12/23/2009,Sea,Sea,$22.55
436455,31604364559,APLU031970557,NULL,JCREW,1/10/2010,8018502,24141,CN,129,APLU031970557,8018502,1,SEA,24141,OR5217,10,NULL,24141OR521710,104,21,20,12/23/2009,Sea,Sea,$22.55
436455,31604364559,APLU031970557,NULL,JCREW,1/10/2010,8018502,24141,CN,129,APLU031970557,8018502,1,SEA,24141,OR5217,12,NULL,24141OR521712,105,18,18,12/23/2009,Sea,Sea,$22.55
436455,31604364559,APLU031970557,NULL,JCREW,1/10/2010,8018502,24141,CN,129,APLU031970557,8018502,1,SEA,24141,OR5217,14,NULL,24141OR521714,106,29,28,12/23/2009,Sea,Sea,$22.55
436455,31604364559,APLU031970557,NULL,JCREW,1/10/2010,8018502,24141,CN,129,APLU031970557,8018502,1,SEA,24141,OR5217,5-Apr,NULL,24141OR52174-5,107,16,16,12/23/2009,Sea,Sea,$22.55
436455,31604364559,APLU031970557,NULL,JCREW,1/10/2010,5021201,24141,CN,276,APLU031970557,5021201,1,SEA,24141,OR5217,8,NULL,24141OR52178,102,50,48,12/23/2009,Sea,Sea,$22.55
436455,31604364559,APLU031970557,NULL,JCREW,1/10/2010,5021201,24141,CN,276,APLU031970557,5021201,1,SEA,24141,OR5217,10,NULL,24141OR521710,103,45,43,12/23/2009,Sea,Sea,$22.55
436455,31604364559,APLU031970557,NULL,JCREW,1/10/2010,5021201,24141,CN,276,APLU031970557,5021201,1,SEA,24141,OR5217,12,NULL,24141OR521712,104,27,26,12/23/2009,Sea,Sea,$22.55
436455,31604364559,APLU031970557,NULL,JCREW,1/10/2010,5021201,24141,CN,276,APLU031970557,5021201,1,SEA,24141,OR5217,5-Apr,NULL,24141OR52174-5,106,74,71,12/23/2009,Sea,Sea,$22.55
436455,31604364559,APLU031970557,NULL,JCREW,1/10/2010,5021201,24141,CN,276,APLU031970557,5021201,1,SEA,24141,OR5217,7-Jun,NULL,24141OR52176-7,107,80,77,12/23/2009,Sea,Sea,$22.55
436455,31604364559,APLU031970557,NULL,JCREW,1/10/2010,5021642,17121,CN,864,APLU031970557,5021642,1,SEA,17121,GY6501,2,NULL,17121GY65012,202,52,50,12/23/2009,Sea,Sea,$16.10
436455,31604364559,APLU031970557,NULL,JCREW,1/10/2010,5021642,17121,CN,864,APLU031970557,5021642,1,SEA,17121,GY6501,3,NULL,17121GY65013,203,87,83,12/23/2009,Sea,Sea,$16.10
436455,31604364559,APLU031970557,NULL,JCREW,1/10/2010,5021642,17121,CN,864,APLU031970557,5021642,1,SEA,17121,GY6501,8,NULL,17121GY65018,204,130,124,12/23/2009,Sea,Sea,$16.10
436455,31604364559,APLU031970557,NULL,JCREW,1/10/2010,5021642,17121,CN,864,APLU031970557,5021642,1,SEA,17121,GY6501,10,NULL,17121GY650110,205,103,99,12/23/2009,Sea,Sea,$16.10
436455,31604364559,APLU031970557,NULL,JCREW,1/10/2010,5021642,17121,CN,864,APLU031970557,5021642,1,SEA,17121,GY6501,12,NULL,17121GY650112,206,52,50,12/23/2009,Sea,Sea,$16.10
436455,31604364559,APLU031970557,NULL,JCREW,1/10/2010,5021642,17121,CN,864,APLU031970557,5021642,1,SEA,17121,GY6501,5-Apr,NULL,17121GY65014-5,207,207,198,12/23/2009,Sea,Sea,$16.10
436455,31604364559,APLU031970557,NULL,JCREW,1/10/2010,5021642,17121,CN,864,APLU031970557,5021642,1,SEA,17121,GY6501,7-Jun,NULL,17121GY65016-7,208,233,222,12/23/2009,Sea,Sea,$16.10
436455,31604364559,APLU031970557,NULL,JCREW,1/10/2010,8019402,25101,CN,100,APLU031970557,8019402,1,SEA,25101,NA6574,2,NULL,25101NA65742,101,4,4,12/23/2009,Sea,Sea,$19.45
436455,31604364559,APLU031970557,NULL,JCREW,1/10/2010,8019402,25101,CN,100,APLU031970557,8019402,1,SEA,25101,NA6574,3,NULL,25101NA65743,102,5,5,12/23/2009,Sea,Sea,$19.45
436455,31604364559,APLU031970557,NULL,JCREW,1/10/2010,8019402,25101,CN,100,APLU031970557,8019402,1,SEA,25101,NA6574,8,NULL,25101NA65748,103,12,12,12/23/2009,Sea,Sea,$19.45
436455,31604364559,APLU031970557,NULL,JCREW,1/10/2010,8019402,25101,CN,100,APLU031970557,8019402,1,SEA,25101,NA6574,10,NULL,25101NA657410,104,13,13,12/23/2009,Sea,Sea,$19.45
436455,31604364559,APLU031970557,NULL,JCREW,1/10/2010,8019402,25101,CN,100,APLU031970557,8019402,1,SEA,25101,NA6574,12,NULL,25101NA657412,105,13,13,12/23/2009,Sea,Sea,$19.45
436455,31604364559,APLU031970557,NULL,JCREW,1/10/2010,8019402,25101,CN,100,APLU031970557,8019402,1,SEA,25101,NA6574,14,NULL,25101NA657414,106,20,20,12/23/2009,Sea,Sea,$19.45
436455,31604364559,APLU031970557,NULL,JCREW,1/10/2010,8019402,25101,CN,100,APLU031970557,8019402,1,SEA,25101,NA6574,5-Apr,NULL,25101NA65744-5,107,12,12,12/23/2009,Sea,Sea,$19.45
436455,31604364559,APLU031970557,NULL,JCREW,1/10/2010,8019402,25101,CN,100,APLU031970557,8019402,1,SEA,25101,NA6574,7-Jun,NULL,25101NA65746-7,108,21,21,12/23/2009,Sea,Sea,$19.45
436455,31604364559,APLU031970557,NULL,JCREW,1/10/2010,1582608,11120,CN,50,APLU031970557,1582608,1,SEA,11120,GY6469,XS,NULL,11120GY6469XS,101,2,2,12/23/2009,Sea,Sea,$75.60
436455,31604364559,APLU031970557,NULL,JCREW,1/10/2010,1582608,11120,CN,50,APLU031970557,1582608,1,SEA,11120,GY6469,S,NULL,11120GY6469S,102,6,6,12/23/2009,Sea,Sea,$75.60
436455,31604364559,APLU031970557,NULL,JCREW,1/10/2010,1582608,11120,CN,50,APLU031970557,1582608,1,SEA,11120,GY6469,M,NULL,11120GY6469M,103,16,16,12/23/2009,Sea,Sea,$75.60
436455,31604364559,APLU031970557,NULL,JCREW,1/10/2010,1582608,11120,CN,50,APLU031970557,1582608,1,SEA,11120,GY6469,L,NULL,11120GY6469L,104,16,16,12/23/2009,Sea,Sea,$75.60
436455,31604364559,APLU031970557,NULL,JCREW,1/10/2010,1582608,11120,CN,50,APLU031970557,1582608,1,SEA,11120,GY6469,XL,NULL,11120GY6469XL,105,10,10,12/23/2009,Sea,Sea,$75.60
436455,31604364559,APLU031970557,NULL,JCREW,1/10/2010,2573334,85984,CN,156,APLU031970557,2573334,2,SEA,85984,GY6469,XS,NULL,85984GY6469XS,108,78,78,12/23/2009,Sea,Sea,$51.20
436455,31604364559,APLU031970557,NULL,JCREW,1/10/2010,2573334,85984,CN,156,APLU031970557,2573334,2,SEA,85984,BL8133,XS,NULL,85984BL8133XS,107,78,78,12/23/2009,Sea,Sea,$51.20
436455,31604364559,APLU031970557,NULL,JCREW,1/10/2010,2575456,23060,CN,1783,APLU031970557,2575456,1,SEA,23060,KN7959,M,NULL,23060KN7959M,104,624,595,12/23/2009,Sea,Sea,$20.80
436455,31604364559,APLU031970557,NULL,JCREW,1/10/2010,2575456,23060,CN,1783,APLU031970557,2575456,1,SEA,23060,KN7959,L,NULL,23060KN7959L,105,321,306,12/23/2009,Sea,Sea,$20.80
436455,31604364559,APLU031970557,NULL,JCREW,1/10/2010,2575456,23060,CN,1783,APLU031970557,2575456,1,SEA,23060,KN7959,XS,NULL,23060KN7959XS,102,249,238,12/23/2009,Sea,Sea,$20.80
436455,31604364559,APLU031970557,NULL,JCREW,1/10/2010,2575456,23060,CN,1783,APLU031970557,2575456,1,SEA,23060,KN7959,S,NULL,23060KN7959S,103,589,561,12/23/2009,Sea,Sea,$20.80
436455,31604364559,APLU031970557,NULL,JCREW,1/10/2010,5022417,18887,CN,183,APLU031970557,5022417,1,SEA,18887,BL8224,10,NULL,18887BL822410,114,2,2,12/23/2009,Sea,Sea,$47.40
436455,31604364559,APLU031970557,NULL,JCREW,1/10/2010,5022417,18887,CN,183,APLU031970557,5022417,1,SEA,18887,BL8224,12,NULL,18887BL822412,115,2,2,12/23/2009,Sea,Sea,$47.40
436455,31604364559,APLU031970557,NULL,JCREW,1/10/2010,5022417,18887,CN,183,APLU031970557,5022417,1,SEA,18887,BL8224,14,NULL,18887BL822414,116,2,2,12/23/2009,Sea,Sea,$47.40
436455,31604364559,APLU031970557,NULL,JCREW,1/10/2010,5022417,18887,CN,183,APLU031970557,5022417,1,SEA,18887,YL5643,8,NULL,18887YL56438,185,3,3,12/23/2009,Sea,Sea,$48.10
436455,31604364559,APLU031970557,NULL,JCREW,1/10/2010,5022417,18887,CN,183,APLU031970557,5022417,1,SEA,18887,YL5643,10,NULL,18887YL564310,186,2,2,12/23/2009,Sea,Sea,$48.10
436455,31604364559,APLU031970557,NULL,JCREW,1/10/2010,5022417,18887,CN,183,APLU031970557,5022417,1,SEA,18887,YL5643,12,NULL,18887YL564312,187,2,2,12/23/2009,Sea,Sea,$48.10
436455,31604364559,APLU031970557,NULL,JCREW,1/10/2010,5022417,18887,CN,183,APLU031970557,5022417,1,SEA,18887,YL5643,14,NULL,18887YL564314,188,2,2,12/23/2009,Sea,Sea,$48.10
436455,31604364559,APLU031970557,NULL,JCREW,1/10/2010,5022417,18887,CN,183,APLU031970557,5022417,1,SEA,18887,YL5643,5-Apr,NULL,18887YL56434-5,189,3,3,12/23/2009,Sea,Sea,$48.10
436455,31604364559,APLU031970557,NULL,JCREW,1/10/2010,5022417,18887,CN,183,APLU031970557,5022417,1,SEA,18887,BL8224,5-Apr,NULL,18887BL82244-5,117,3,3,12/23/2009,Sea,Sea,$47.40
436455,31604364559,APLU031970557,NULL,JCREW,1/10/2010,5022417,18887,CN,183,APLU031970557,5022417,1,SEA,18887,BL8224,7-Jun,NULL,18887BL82246-7,118,4,4,12/23/2009,Sea,Sea,$47.40
436455,31604364559,APLU031970557,NULL,JCREW,1/10/2010,5022417,18887,CN,183,APLU031970557,5022417,1,SEA,18887,GR6816,2,NULL,18887GR68162,119,2,2,12/23/2009,Sea,Sea,$48.10
436455,31604364559,APLU031970557,NULL,JCREW,1/10/2010,5022417,18887,CN,183,APLU031970557,5022417,1,SEA,18887,OR5730,2,NULL,18887OR57302,135,2,2,12/23/2009,Sea,Sea,$47.40
436455,31604364559,APLU031970557,NULL,JCREW,1/10/2010,5022417,18887,CN,183,APLU031970557,5022417,1,SEA,18887,OR5730,3,NULL,18887OR57303,136,2,2,12/23/2009,Sea,Sea,$47.40
436455,31604364559,APLU031970557,NULL,JCREW,1/10/2010,5022417,18887,CN,183,APLU031970557,5022417,1,SEA,18887,OR5730,8,NULL,18887OR57308,137,3,3,12/23/2009,Sea,Sea,$47.40
436455,31604364559,APLU031970557,NULL,JCREW,1/10/2010,5022417,18887,CN,183,APLU031970557,5022417,1,SEA,18887,OR5730,10,NULL,18887OR573010,138,2,2,12/23/2009,Sea,Sea,$47.40
436455,31604364559,APLU031970557,NULL,JCREW,1/10/2010,5022417,18887,CN,183,APLU031970557,5022417,1,SEA,18887,OR5730,12,NULL,18887OR573012,139,2,2,12/23/2009,Sea,Sea,$47.40
436455,31604364559,APLU031970557,NULL,JCREW,1/10/2010,5022417,18887,CN,183,APLU031970557,5022417,1,SEA,18887,OR5730,14,NULL,18887OR573014,140,2,2,12/23/2009,Sea,Sea,$47.40
436455,31604364559,APLU031970557,NULL,JCREW,1/10/2010,5022417,18887,CN,183,APLU031970557,5022417,1,SEA,18887,OR5730,5-Apr,NULL,18887OR57304-5,141,3,3,12/23/2009,Sea,Sea,$47.40
436455,31604364559,APLU031970557,NULL,JCREW,1/10/2010,5022417,18887,CN,183,APLU031970557,5022417,1,SEA,18887,OR5730,7-Jun,NULL,18887OR57306-7,142,3,3,12/23/2009,Sea,Sea,$47.40
436455,31604364559,APLU031970557,NULL,JCREW,1/10/2010,5022417,18887,CN,183,APLU031970557,5022417,1,SEA,18887,OR5731,2,NULL,18887OR57312,143,2,2,12/23/2009,Sea,Sea,$48.10
436455,31604364559,APLU031970557,NULL,JCREW,1/10/2010,5022417,18887,CN,183,APLU031970557,5022417,1,SEA,18887,OR5731,3,NULL,18887OR57313,144,2,2,12/23/2009,Sea,Sea,$48.10
436455,31604364559,APLU031970557,NULL,JCREW,1/10/2010,5022417,18887,CN,183,APLU031970557,5022417,1,SEA,18887,OR5731,8,NULL,18887OR57318,145,3,3,12/23/2009,Sea,Sea,$48.10
436455,31604364559,APLU031970557,NULL,JCREW,1/10/2010,5022417,18887,CN,183,APLU031970557,5022417,1,SEA,18887,OR5731,10,NULL,18887OR573110,146,2,2,12/23/2009,Sea,Sea,$48.10
436455,31604364559,APLU031970557,NULL,JCREW,1/10/2010,5022417,18887,CN,183,APLU031970557,5022417,1,SEA,18887,OR5731,12,NULL,18887OR573112,147,2,2,12/23/2009,Sea,Sea,$48.10
436455,31604364559,APLU031970557,NULL,JCREW,1/10/2010,5022417,18887,CN,183,APLU031970557,5022417,1,SEA,18887,OR5731,14,NULL,18887OR573114,148,2,2,12/23/2009,Sea,Sea,$48.10
436455,31604364559,APLU031970557,NULL,JCREW,1/10/2010,5022417,18887,CN,183,APLU031970557,5022417,1,SEA,18887,OR5731,5-Apr,NULL,18887OR57314-5,149,3,3,12/23/2009,Sea,Sea,$48.10
436455,31604364559,APLU031970557,NULL,JCREW,1/10/2010,5022417,18887,CN,183,APLU031970557,5022417,1,SEA,18887,OR5731,7-Jun,NULL,18887OR57316-7,150,3,3,12/23/2009,Sea,Sea,$48.10
436455,31604364559,APLU031970557,NULL,JCREW,1/10/2010,5022417,18887,CN,183,APLU031970557,5022417,1,SEA,18887,PK6341,2,NULL,18887PK63412,151,1,1,12/23/2009,Sea,Sea,$47.40
436455,31604364559,APLU031970557,NULL,JCREW,1/10/2010,5022417,18887,CN,183,APLU031970557,5022417,1,SEA,18887,PK6341,3,NULL,18887PK63413,152,2,2,12/23/2009,Sea,Sea,$47.40
436455,31604364559,APLU031970557,NULL,JCREW,1/10/2010,5022417,18887,CN,183,APLU031970557,5022417,1,SEA,18887,PK6341,8,NULL,18887PK63418,153,3,3,12/23/2009,Sea,Sea,$47.40
436455,31604364559,APLU031970557,NULL,JCREW,1/10/2010,5022417,18887,CN,183,APLU031970557,5022417,1,SEA,18887,PK6341,10,NULL,18887PK634110,154,2,2,12/23/2009,Sea,Sea,$47.40
436455,31604364559,APLU031970557,NULL,JCREW,1/10/2010,5022417,18887,CN,183,APLU031970557,5022417,1,SEA,18887,PK6341,12,NULL,18887PK634112,155,2,2,12/23/2009,Sea,Sea,$47.40
436455,31604364559,APLU031970557,NULL,JCREW,1/10/2010,5022417,18887,CN,183,APLU031970557,5022417,1,SEA,18887,PK6341,14,NULL,18887PK634114,156,2,2,12/23/2009,Sea,Sea,$47.40
436455,31604364559,APLU031970557,NULL,JCREW,1/10/2010,5022417,18887,CN,183,APLU031970557,5022417,1,SEA,18887,PK6341,5-Apr,NULL,18887PK63414-5,157,3,3,12/23/2009,Sea,Sea,$47.40
436455,31604364559,APLU031970557,NULL,JCREW,1/10/2010,5022417,18887,CN,183,APLU031970557,5022417,1,SEA,18887,PK6341,7-Jun,NULL,18887PK63416-7,158,3,3,12/23/2009,Sea,Sea,$47.40
436455,31604364559,APLU031970557,NULL,JCREW,1/10/2010,5022417,18887,CN,183,APLU031970557,5022417,1,SEA,18887,PK6342,2,NULL,18887PK63422,159,2,2,12/23/2009,Sea,Sea,$47.40
436455,31604364559,APLU031970557,NULL,JCREW,1/10/2010,5022417,18887,CN,183,APLU031970557,5022417,1,SEA,18887,PK6342,3,NULL,18887PK63423,160,2,2,12/23/2009,Sea,Sea,$47.40
436455,31604364559,APLU031970557,NULL,JCREW,1/10/2010,5022417,18887,CN,183,APLU031970557,5022417,1,SEA,18887,PK6342,8,NULL,18887PK63428,161,3,3,12/23/2009,Sea,Sea,$47.40
436455,31604364559,APLU031970557,NULL,JCREW,1/10/2010,5022417,18887,CN,183,APLU031970557,5022417,1,SEA,18887,PK6342,10,NULL,18887PK634210,162,2,2,12/23/2009,Sea,Sea,$47.40
436455,31604364559,APLU031970557,NULL,JCREW,1/10/2010,5022417,18887,CN,183,APLU031970557,5022417,1,SEA,18887,PK6342,12,NULL,18887PK634212,163,2,2,12/23/2009,Sea,Sea,$47.40
436455,31604364559,APLU031970557,NULL,JCREW,1/10/2010,5022417,18887,CN,183,APLU031970557,5022417,1,SEA,18887,PK6342,14,NULL,18887PK634214,164,2,2,12/23/2009,Sea,Sea,$47.40
436455,31604364559,APLU031970557,NULL,JCREW,1/10/2010,5022417,18887,CN,183,APLU031970557,5022417,1,SEA,18887,PK6342,5-Apr,NULL,18887PK63424-5,165,3,3,12/23/2009,Sea,Sea,$47.40
436455,31604364559,APLU031970557,NULL,JCREW,1/10/2010,5022417,18887,CN,183,APLU031970557,5022417,1,SEA,18887,PK6342,7-Jun,NULL,18887PK63426-7,166,3,3,12/23/2009,Sea,Sea,$47.40
436455,31604364559,APLU031970557,NULL,JCREW,1/10/2010,5022417,18887,CN,183,APLU031970557,5022417,1,SEA,18887,PR6007,2,NULL,18887PR60072,167,1,1,12/23/2009,Sea,Sea,$47.40
436455,31604364559,APLU031970557,NULL,JCREW,1/10/2010,5022417,18887,CN,183,APLU031970557,5022417,1,SEA,18887,PR6007,3,NULL,18887PR60073,168,2,2,12/23/2009,Sea,Sea,$47.40
436455,31604364559,APLU031970557,NULL,JCREW,1/10/2010,5022417,18887,CN,183,APLU031970557,5022417,1,SEA,18887,PR6007,8,NULL,18887PR60078,169,3,3,12/23/2009,Sea,Sea,$47.40
436455,31604364559,APLU031970557,NULL,JCREW,1/10/2010,5022417,18887,CN,183,APLU031970557,5022417,1,SEA,18887,PR6007,10,NULL,18887PR600710,170,2,2,12/23/2009,Sea,Sea,$47.40
436455,31604364559,APLU031970557,NULL,JCREW,1/10/2010,5022417,18887,CN,183,APLU031970557,5022417,1,SEA,18887,PR6007,12,NULL,18887PR600712,171,2,2,12/23/2009,Sea,Sea,$47.40
436455,31604364559,APLU031970557,NULL,JCREW,1/10/2010,5022417,18887,CN,183,APLU031970557,5022417,1,SEA,18887,PR6007,14,NULL,18887PR600714,172,2,2,12/23/2009,Sea,Sea,$47.40
436455,31604364559,APLU031970557,NULL,JCREW,1/10/2010,5022417,18887,CN,183,APLU031970557,5022417,1,SEA,18887,PR6007,5-Apr,NULL,18887PR60074-5,173,3,3,12/23/2009,Sea,Sea,$47.40
436455,31604364559,APLU031970557,NULL,JCREW,1/10/2010,5022417,18887,CN,183,APLU031970557,5022417,1,SEA,18887,PR6007,7-Jun,NULL,18887PR60076-7,174,3,3,12/23/2009,Sea,Sea,$47.40
436455,31604364559,APLU031970557,NULL,JCREW,1/10/2010,5022417,18887,CN,183,APLU031970557,5022417,1,SEA,18887,YL5611,2,NULL,18887YL56112,175,1,1,12/23/2009,Sea,Sea,$47.40
436455,31604364559,APLU031970557,NULL,JCREW,1/10/2010,5022417,18887,CN,183,APLU031970557,5022417,1,SEA,18887,YL5611,3,NULL,18887YL56113,176,2,2,12/23/2009,Sea,Sea,$47.40
436455,31604364559,APLU031970557,NULL,JCREW,1/10/2010,5022417,18887,CN,183,APLU031970557,5022417,1,SEA,18887,YL5611,8,NULL,18887YL56118,177,3,3,12/23/2009,Sea,Sea,$47.40
436455,31604364559,APLU031970557,NULL,JCREW,1/10/2010,5022417,18887,CN,183,APLU031970557,5022417,1,SEA,18887,YL5611,10,NULL,18887YL561110,178,2,2,12/23/2009,Sea,Sea,$47.40
436455,31604364559,APLU031970557,NULL,JCREW,1/10/2010,5022417,18887,CN,183,APLU031970557,5022417,1,SEA,18887,YL5611,12,NULL,18887YL561112,179,2,2,12/23/2009,Sea,Sea,$47.40
436455,31604364559,APLU031970557,NULL,JCREW,1/10/2010,5022417,18887,CN,183,APLU031970557,5022417,1,SEA,18887,YL5611,14,NULL,18887YL561114,180,2,2,12/23/2009,Sea,Sea,$47.40
436455,31604364559,APLU031970557,NULL,JCREW,1/10/2010,5022417,18887,CN,183,APLU031970557,5022417,1,SEA,18887,YL5611,5-Apr,NULL,18887YL56114-5,181,3,3,12/23/2009,Sea,Sea,$47.40
436455,31604364559,APLU031970557,NULL,JCREW,1/10/2010,5022417,18887,CN,183,APLU031970557,5022417,1,SEA,18887,YL5611,7-Jun,NULL,18887YL56116-7,182,3,3,12/23/2009,Sea,Sea,$47.40
436455,31604364559,APLU031970557,NULL,JCREW,1/10/2010,5022417,18887,CN,183,APLU031970557,5022417,1,SEA,18887,YL5643,2,NULL,18887YL56432,183,1,1,12/23/2009,Sea,Sea,$48.10
436455,31604364559,APLU031970557,NULL,JCREW,1/10/2010,5022417,18887,CN,183,APLU031970557,5022417,1,SEA,18887,YL5643,3,NULL,18887YL56433,184,1,1,12/23/2009,Sea,Sea,$48.10
436455,31604364559,APLU031970557,NULL,JCREW,1/10/2010,5022417,18887,CN,183,APLU031970557,5022417,1,SEA,18887,YL5643,7-Jun,NULL,18887YL56436-7,190,3,3,12/23/2009,Sea,Sea,$48.10
436455,31604364559,APLU031970557,NULL,JCREW,1/10/2010,5022417,18887,CN,183,APLU031970557,5022417,1,SEA,18887,BL8224,2,NULL,18887BL82242,111,2,2,12/23/2009,Sea,Sea,$47.40
436455,31604364559,APLU031970557,NULL,JCREW,1/10/2010,5022417,18887,CN,183,APLU031970557,5022417,1,SEA,18887,BL8224,3,NULL,18887BL82243,112,2,2,12/23/2009,Sea,Sea,$47.40
436455,31604364559,APLU031970557,NULL,JCREW,1/10/2010,5022417,18887,CN,183,APLU031970557,5022417,1,SEA,18887,GR6816,3,NULL,18887GR68163,120,2,2,12/23/2009,Sea,Sea,$48.10
436455,31604364559,APLU031970557,NULL,JCREW,1/10/2010,5022417,18887,CN,183,APLU031970557,5022417,1,SEA,18887,GR6816,8,NULL,18887GR68168,121,2,2,12/23/2009,Sea,Sea,$48.10
436455,31604364559,APLU031970557,NULL,JCREW,1/10/2010,5022417,18887,CN,183,APLU031970557,5022417,1,SEA,18887,GR6816,10,NULL,18887GR681610,122,2,2,12/23/2009,Sea,Sea,$48.10
436455,31604364559,APLU031970557,NULL,JCREW,1/10/2010,5022417,18887,CN,183,APLU031970557,5022417,1,SEA,18887,GR6816,12,NULL,18887GR681612,123,2,2,12/23/2009,Sea,Sea,$48.10
436455,31604364559,APLU031970557,NULL,JCREW,1/10/2010,5022417,18887,CN,183,APLU031970557,5022417,1,SEA,18887,GR6816,14,NULL,18887GR681614,124,2,2,12/23/2009,Sea,Sea,$48.10
436455,31604364559,APLU031970557,NULL,JCREW,1/10/2010,5022417,18887,CN,183,APLU031970557,5022417,1,SEA,18887,GR6816,5-Apr,NULL,18887GR68164-5,125,3,3,12/23/2009,Sea,Sea,$48.10
436455,31604364559,APLU031970557,NULL,JCREW,1/10/2010,5022417,18887,CN,183,APLU031970557,5022417,1,SEA,18887,GR6816,7-Jun,NULL,18887GR68166-7,126,3,3,12/23/2009,Sea,Sea,$48.10
436455,31604364559,APLU031970557,NULL,JCREW,1/10/2010,5022417,18887,CN,183,APLU031970557,5022417,1,SEA,18887,GY6428,2,NULL,18887GY64282,127,1,1,12/23/2009,Sea,Sea,$47.40
436455,31604364559,APLU031970557,NULL,JCREW,1/10/2010,5022417,18887,CN,183,APLU031970557,5022417,1,SEA,18887,GY6428,3,NULL,18887GY64283,128,2,2,12/23/2009,Sea,Sea,$47.40
436455,31604364559,APLU031970557,NULL,JCREW,1/10/2010,5022417,18887,CN,183,APLU031970557,5022417,1,SEA,18887,GY6428,8,NULL,18887GY64288,129,3,3,12/23/2009,Sea,Sea,$47.40
436455,31604364559,APLU031970557,NULL,JCREW,1/10/2010,5022417,18887,CN,183,APLU031970557,5022417,1,SEA,18887,GY6428,10,NULL,18887GY642810,130,2,2,12/23/2009,Sea,Sea,$47.40
436455,31604364559,APLU031970557,NULL,JCREW,1/10/2010,5022417,18887,CN,183,APLU031970557,5022417,1,SEA,18887,GY6428,12,NULL,18887GY642812,131,2,2,12/23/2009,Sea,Sea,$47.40
436455,31604364559,APLU031970557,NULL,JCREW,1/10/2010,5022417,18887,CN,183,APLU031970557,5022417,1,SEA,18887,GY6428,14,NULL,18887GY642814,132,1,1,12/23/2009,Sea,Sea,$47.40
436455,31604364559,APLU031970557,NULL,JCREW,1/10/2010,5022417,18887,CN,183,APLU031970557,5022417,1,SEA,18887,GY6428,5-Apr,NULL,18887GY64284-5,133,3,3,12/23/2009,Sea,Sea,$47.40
436455,31604364559,APLU031970557,NULL,JCREW,1/10/2010,5022417,18887,CN,183,APLU031970557,5022417,1,SEA,18887,GY6428,7-Jun,NULL,18887GY64286-7,134,3,3,12/23/2009,Sea,Sea,$47.40
436455,31604364559,APLU031970557,NULL,JCREW,1/10/2010,5022417,18887,CN,183,APLU031970557,5022417,1,SEA,18887,BL8224,8,NULL,18887BL82248,113,3,3,12/23/2009,Sea,Sea,$47.40
436455,31604364559,APLU031970557,NULL,JCREW,1/10/2010,5022418,20931,CN,186,APLU031970557,5022418,1,SEA,20931,BL8297,8,NULL,20931BL82978,115,2,2,12/23/2009,Sea,Sea,$42.65
436455,31604364559,APLU031970557,NULL,JCREW,1/10/2010,5022418,20931,CN,186,APLU031970557,5022418,1,SEA,20931,BL8297,10,NULL,20931BL829710,116,2,2,12/23/2009,Sea,Sea,$42.65
436455,31604364559,APLU031970557,NULL,JCREW,1/10/2010,5022418,20931,CN,186,APLU031970557,5022418,1,SEA,20931,BL8297,12,NULL,20931BL829712,117,2,2,12/23/2009,Sea,Sea,$42.65
436455,31604364559,APLU031970557,NULL,JCREW,1/10/2010,5022418,20931,CN,186,APLU031970557,5022418,1,SEA,20931,BL8297,14,NULL,20931BL829714,118,2,2,12/23/2009,Sea,Sea,$42.65
436455,31604364559,APLU031970557,NULL,JCREW,1/10/2010,5022418,20931,CN,186,APLU031970557,5022418,1,SEA,20931,BL8297,5-Apr,NULL,20931BL82974-5,119,2,2,12/23/2009,Sea,Sea,$42.65
436455,31604364559,APLU031970557,NULL,JCREW,1/10/2010,5022418,20931,CN,186,APLU031970557,5022418,1,SEA,20931,BL8297,7-Jun,NULL,20931BL82976-7,120,3,3,12/23/2009,Sea,Sea,$42.65
436455,31604364559,APLU031970557,NULL,JCREW,1/10/2010,5022418,20931,CN,186,APLU031970557,5022418,1,SEA,20931,BR5620,2,NULL,20931BR56202,121,1,1,12/23/2009,Sea,Sea,$42.65
436455,31604364559,APLU031970557,NULL,JCREW,1/10/2010,5022418,20931,CN,186,APLU031970557,5022418,1,SEA,20931,GY6000,12,NULL,20931GY600012,157,2,2,12/23/2009,Sea,Sea,$42.65
436455,31604364559,APLU031970557,NULL,JCREW,1/10/2010,5022418,20931,CN,186,APLU031970557,5022418,1,SEA,20931,GY6000,14,NULL,20931GY600014,158,2,2,12/23/2009,Sea,Sea,$42.65
436455,31604364559,APLU031970557,NULL,JCREW,1/10/2010,5022418,20931,CN,186,APLU031970557,5022418,1,SEA,20931,GY6000,5-Apr,NULL,20931GY60004-5,159,2,2,12/23/2009,Sea,Sea,$42.65
436455,31604364559,APLU031970557,NULL,JCREW,1/10/2010,5022418,20931,CN,186,APLU031970557,5022418,1,SEA,20931,GY6000,7-Jun,NULL,20931GY60006-7,160,3,3,12/23/2009,Sea,Sea,$42.65
436455,31604364559,APLU031970557,NULL,JCREW,1/10/2010,5022418,20931,CN,186,APLU031970557,5022418,1,SEA,20931,OR5729,2,NULL,20931OR57292,161,2,2,12/23/2009,Sea,Sea,$43.15
436455,31604364559,APLU031970557,NULL,JCREW,1/10/2010,5022418,20931,CN,186,APLU031970557,5022418,1,SEA,20931,OR5729,3,NULL,20931OR57293,162,2,2,12/23/2009,Sea,Sea,$43.15
436455,31604364559,APLU031970557,NULL,JCREW,1/10/2010,5022418,20931,CN,186,APLU031970557,5022418,1,SEA,20931,OR5729,8,NULL,20931OR57298,163,2,2,12/23/2009,Sea,Sea,$43.15
436455,31604364559,APLU031970557,NULL,JCREW,1/10/2010,5022418,20931,CN,186,APLU031970557,5022418,1,SEA,20931,OR5729,10,NULL,20931OR572910,164,2,2,12/23/2009,Sea,Sea,$43.15
436455,31604364559,APLU031970557,NULL,JCREW,1/10/2010,5022418,20931,CN,186,APLU031970557,5022418,1,SEA,20931,OR5729,12,NULL,20931OR572912,165,2,2,12/23/2009,Sea,Sea,$43.15
436455,31604364559,APLU031970557,NULL,JCREW,1/10/2010,5022418,20931,CN,186,APLU031970557,5022418,1,SEA,20931,OR5729,14,NULL,20931OR572914,166,2,2,12/23/2009,Sea,Sea,$43.15
436455,31604364559,APLU031970557,NULL,JCREW,1/10/2010,5022418,20931,CN,186,APLU031970557,5022418,1,SEA,20931,OR5729,5-Apr,NULL,20931OR57294-5,167,2,2,12/23/2009,Sea,Sea,$43.15
436455,31604364559,APLU031970557,NULL,JCREW,1/10/2010,5022418,20931,CN,186,APLU031970557,5022418,1,SEA,20931,OR5729,7-Jun,NULL,20931OR57296-7,168,3,3,12/23/2009,Sea,Sea,$43.15
436455,31604364559,APLU031970557,NULL,JCREW,1/10/2010,5022418,20931,CN,186,APLU031970557,5022418,1,SEA,20931,PK6337,2,NULL,20931PK63372,169,2,2,12/23/2009,Sea,Sea,$42.65
436455,31604364559,APLU031970557,NULL,JCREW,1/10/2010,5022418,20931,CN,186,APLU031970557,5022418,1,SEA,20931,PK6337,3,NULL,20931PK63373,170,2,2,12/23/2009,Sea,Sea,$42.65
436455,31604364559,APLU031970557,NULL,JCREW,1/10/2010,5022418,20931,CN,186,APLU031970557,5022418,1,SEA,20931,PK6337,8,NULL,20931PK63378,171,2,2,12/23/2009,Sea,Sea,$42.65
436455,31604364559,APLU031970557,NULL,JCREW,1/10/2010,5022418,20931,CN,186,APLU031970557,5022418,1,SEA,20931,PK6337,10,NULL,20931PK633710,172,2,2,12/23/2009,Sea,Sea,$42.65
436455,31604364559,APLU031970557,NULL,JCREW,1/10/2010,5022418,20931,CN,186,APLU031970557,5022418,1,SEA,20931,PK6337,12,NULL,20931PK633712,173,2,2,12/23/2009,Sea,Sea,$42.65
436455,31604364559,APLU031970557,NULL,JCREW,1/10/2010,5022418,20931,CN,186,APLU031970557,5022418,1,SEA,20931,PK6337,14,NULL,20931PK633714,174,2,2,12/23/2009,Sea,Sea,$42.65
436455,31604364559,APLU031970557,NULL,JCREW,1/10/2010,5022418,20931,CN,186,APLU031970557,5022418,1,SEA,20931,PK6337,5-Apr,NULL,20931PK63374-5,175,2,2,12/23/2009,Sea,Sea,$42.65
436455,31604364559,APLU031970557,NULL,JCREW,1/10/2010,5022418,20931,CN,186,APLU031970557,5022418,1,SEA,20931,PK6337,7-Jun,NULL,20931PK63376-7,176,3,3,12/23/2009,Sea,Sea,$42.65
436455,31604364559,APLU031970557,NULL,JCREW,1/10/2010,5022418,20931,CN,186,APLU031970557,5022418,1,SEA,20931,PK6338,2,NULL,20931PK63382,177,1,1,12/23/2009,Sea,Sea,$42.65
436455,31604364559,APLU031970557,NULL,JCREW,1/10/2010,5022418,20931,CN,186,APLU031970557,5022418,1,SEA,20931,PK6338,3,NULL,20931PK63383,178,2,2,12/23/2009,Sea,Sea,$42.65
436455,31604364559,APLU031970557,NULL,JCREW,1/10/2010,5022418,20931,CN,186,APLU031970557,5022418,1,SEA,20931,PK6338,8,NULL,20931PK63388,179,2,2,12/23/2009,Sea,Sea,$42.65
436455,31604364559,APLU031970557,NULL,JCREW,1/10/2010,5022418,20931,CN,186,APLU031970557,5022418,1,SEA,20931,PK6338,10,NULL,20931PK633810,180,2,2,12/23/2009,Sea,Sea,$42.65
436455,31604364559,APLU031970557,NULL,JCREW,1/10/2010,5022418,20931,CN,186,APLU031970557,5022418,1,SEA,20931,PK6338,12,NULL,20931PK633812,181,1,1,12/23/2009,Sea,Sea,$42.65
436455,31604364559,APLU031970557,NULL,JCREW,1/10/2010,5022418,20931,CN,186,APLU031970557,5022418,1,SEA,20931,PK6338,14,NULL,20931PK633814,182,1,1,12/23/2009,Sea,Sea,$42.65
436455,31604364559,APLU031970557,NULL,JCREW,1/10/2010,5022418,20931,CN,186,APLU031970557,5022418,1,SEA,20931,PK6338,5-Apr,NULL,20931PK63384-5,183,3,3,12/23/2009,Sea,Sea,$42.65
436455,31604364559,APLU031970557,NULL,JCREW,1/10/2010,5022418,20931,CN,186,APLU031970557,5022418,1,SEA,20931,PK6338,7-Jun,NULL,20931PK63386-7,184,3,3,12/23/2009,Sea,Sea,$42.65
436455,31604364559,APLU031970557,NULL,JCREW,1/10/2010,5022418,20931,CN,186,APLU031970557,5022418,1,SEA,20931,PR5681,2,NULL,20931PR56812,185,1,1,12/23/2009,Sea,Sea,$43.15
436455,31604364559,APLU031970557,NULL,JCREW,1/10/2010,5022418,20931,CN,186,APLU031970557,5022418,1,SEA,20931,PR5681,3,NULL,20931PR56813,186,2,2,12/23/2009,Sea,Sea,$43.15
436455,31604364559,APLU031970557,NULL,JCREW,1/10/2010,5022418,20931,CN,186,APLU031970557,5022418,1,SEA,20931,PR5681,8,NULL,20931PR56818,187,2,2,12/23/2009,Sea,Sea,$43.15
436455,31604364559,APLU031970557,NULL,JCREW,1/10/2010,5022418,20931,CN,186,APLU031970557,5022418,1,SEA,20931,PR5681,10,NULL,20931PR568110,188,2,2,12/23/2009,Sea,Sea,$43.15
436455,31604364559,APLU031970557,NULL,JCREW,1/10/2010,5022418,20931,CN,186,APLU031970557,5022418,1,SEA,20931,PR5681,12,NULL,20931PR568112,189,1,1,12/23/2009,Sea,Sea,$43.15
436455,31604364559,APLU031970557,NULL,JCREW,1/10/2010,5022418,20931,CN,186,APLU031970557,5022418,1,SEA,20931,PR5681,14,NULL,20931PR568114,190,1,1,12/23/2009,Sea,Sea,$43.15
436455,31604364559,APLU031970557,NULL,JCREW,1/10/2010,5022418,20931,CN,186,APLU031970557,5022418,1,SEA,20931,PR5681,5-Apr,NULL,20931PR56814-5,191,3,3,12/23/2009,Sea,Sea,$43.15
436455,31604364559,APLU031970557,NULL,JCREW,1/10/2010,5022418,20931,CN,186,APLU031970557,5022418,1,SEA,20931,PR5681,7-Jun,NULL,20931PR56816-7,192,3,3,12/23/2009,Sea,Sea,$43.15
436455,31604364559,APLU031970557,NULL,JCREW,1/10/2010,5022418,20931,CN,186,APLU031970557,5022418,1,SEA,20931,PR6004,2,NULL,20931PR60042,193,1,1,12/23/2009,Sea,Sea,$42.65
436455,31604364559,APLU031970557,NULL,JCREW,1/10/2010,5022418,20931,CN,186,APLU031970557,5022418,1,SEA,20931,PR6004,3,NULL,20931PR60043,194,2,2,12/23/2009,Sea,Sea,$42.65
436455,31604364559,APLU031970557,NULL,JCREW,1/10/2010,5022418,20931,CN,186,APLU031970557,5022418,1,SEA,20931,PR6004,8,NULL,20931PR60048,195,2,2,12/23/2009,Sea,Sea,$42.65
436455,31604364559,APLU031970557,NULL,JCREW,1/10/2010,5022418,20931,CN,186,APLU031970557,5022418,1,SEA,20931,PR6004,10,NULL,20931PR600410,196,2,2,12/23/2009,Sea,Sea,$42.65
436455,31604364559,APLU031970557,NULL,JCREW,1/10/2010,5022418,20931,CN,186,APLU031970557,5022418,1,SEA,20931,PR6004,12,NULL,20931PR600412,197,1,1,12/23/2009,Sea,Sea,$42.65
436455,31604364559,APLU031970557,NULL,JCREW,1/10/2010,5022418,20931,CN,186,APLU031970557,5022418,1,SEA,20931,PR6004,14,NULL,20931PR600414,198,1,1,12/23/2009,Sea,Sea,$42.65
436455,31604364559,APLU031970557,NULL,JCREW,1/10/2010,5022418,20931,CN,186,APLU031970557,5022418,1,SEA,20931,PR6004,5-Apr,NULL,20931PR60044-5,199,3,3,12/23/2009,Sea,Sea,$42.65
436455,31604364559,APLU031970557,NULL,JCREW,1/10/2010,5022418,20931,CN,186,APLU031970557,5022418,1,SEA,20931,PR6004,7-Jun,NULL,20931PR60046-7,200,3,3,12/23/2009,Sea,Sea,$42.65
436455,31604364559,APLU031970557,NULL,JCREW,1/10/2010,5022418,20931,CN,186,APLU031970557,5022418,1,SEA,20931,PR6006,2,NULL,20931PR60062,201,1,1,12/23/2009,Sea,Sea,$42.65
436455,31604364559,APLU031970557,NULL,JCREW,1/10/2010,5022418,20931,CN,186,APLU031970557,5022418,1,SEA,20931,PR6006,3,NULL,20931PR60063,202,2,2,12/23/2009,Sea,Sea,$42.65
436455,31604364559,APLU031970557,NULL,JCREW,1/10/2010,5022418,20931,CN,186,APLU031970557,5022418,1,SEA,20931,PR6006,8,NULL,20931PR60068,203,2,2,12/23/2009,Sea,Sea,$42.65
436455,31604364559,APLU031970557,NULL,JCREW,1/10/2010,5022418,20931,CN,186,APLU031970557,5022418,1,SEA,20931,PR6006,10,NULL,20931PR600610,204,2,2,12/23/2009,Sea,Sea,$42.65
436455,31604364559,APLU031970557,NULL,JCREW,1/10/2010,5022418,20931,CN,186,APLU031970557,5022418,1,SEA,20931,PR6006,12,NULL,20931PR600612,205,1,1,12/23/2009,Sea,Sea,$42.65
436455,31604364559,APLU031970557,NULL,JCREW,1/10/2010,5022418,20931,CN,186,APLU031970557,5022418,1,SEA,20931,PR6006,14,NULL,20931PR600614,206,1,1,12/23/2009,Sea,Sea,$42.65
436455,31604364559,APLU031970557,NULL,JCREW,1/10/2010,5022418,20931,CN,186,APLU031970557,5022418,1,SEA,20931,PR6006,5-Apr,NULL,20931PR60064-5,207,3,3,12/23/2009,Sea,Sea,$42.65
436455,31604364559,APLU031970557,NULL,JCREW,1/10/2010,5022418,20931,CN,186,APLU031970557,5022418,1,SEA,20931,PR6006,7-Jun,NULL,20931PR60066-7,208,3,3,12/23/2009,Sea,Sea,$42.65
436455,31604364559,APLU031970557,NULL,JCREW,1/10/2010,5022418,20931,CN,186,APLU031970557,5022418,1,SEA,20931,BR5620,3,NULL,20931BR56203,122,1,1,12/23/2009,Sea,Sea,$42.65
436455,31604364559,APLU031970557,NULL,JCREW,1/10/2010,5022418,20931,CN,186,APLU031970557,5022418,1,SEA,20931,BL8297,2,NULL,20931BL82972,113,2,2,12/23/2009,Sea,Sea,$42.65
436455,31604364559,APLU031970557,NULL,JCREW,1/10/2010,5022418,20931,CN,186,APLU031970557,5022418,1,SEA,20931,BL8297,3,NULL,20931BL82973,114,2,2,12/23/2009,Sea,Sea,$42.65
436455,31604364559,APLU031970557,NULL,JCREW,1/10/2010,5022418,20931,CN,186,APLU031970557,5022418,1,SEA,20931,BR5620,8,NULL,20931BR56208,123,2,2,12/23/2009,Sea,Sea,$42.65
436455,31604364559,APLU031970557,NULL,JCREW,1/10/2010,5022418,20931,CN,186,APLU031970557,5022418,1,SEA,20931,BR5620,10,NULL,20931BR562010,124,2,2,12/23/2009,Sea,Sea,$42.65
436455,31604364559,APLU031970557,NULL,JCREW,1/10/2010,5022418,20931,CN,186,APLU031970557,5022418,1,SEA,20931,BR5620,12,NULL,20931BR562012,125,1,1,12/23/2009,Sea,Sea,$42.65
436455,31604364559,APLU031970557,NULL,JCREW,1/10/2010,5022418,20931,CN,186,APLU031970557,5022418,1,SEA,20931,BR5620,14,NULL,20931BR562014,126,1,1,12/23/2009,Sea,Sea,$42.65
436455,31604364559,APLU031970557,NULL,JCREW,1/10/2010,5022418,20931,CN,186,APLU031970557,5022418,1,SEA,20931,BR5620,5-Apr,NULL,20931BR56204-5,127,3,3,12/23/2009,Sea,Sea,$42.65
436455,31604364559,APLU031970557,NULL,JCREW,1/10/2010,5022418,20931,CN,186,APLU031970557,5022418,1,SEA,20931,BR5620,7-Jun,NULL,20931BR56206-7,128,3,3,12/23/2009,Sea,Sea,$42.65
436455,31604364559,APLU031970557,NULL,JCREW,1/10/2010,5022418,20931,CN,186,APLU031970557,5022418,1,SEA,20931,GR5787,2,NULL,20931GR57872,129,1,1,12/23/2009,Sea,Sea,$43.15
436455,31604364559,APLU031970557,NULL,JCREW,1/10/2010,5022418,20931,CN,186,APLU031970557,5022418,1,SEA,20931,GR5787,3,NULL,20931GR57873,130,1,1,12/23/2009,Sea,Sea,$43.15
436455,31604364559,APLU031970557,NULL,JCREW,1/10/2010,5022418,20931,CN,186,APLU031970557,5022418,1,SEA,20931,GR5787,8,NULL,20931GR57878,131,2,2,12/23/2009,Sea,Sea,$43.15
436455,31604364559,APLU031970557,NULL,JCREW,1/10/2010,5022418,20931,CN,186,APLU031970557,5022418,1,SEA,20931,GR5787,10,NULL,20931GR578710,132,2,2,12/23/2009,Sea,Sea,$43.15
436455,31604364559,APLU031970557,NULL,JCREW,1/10/2010,5022418,20931,CN,186,APLU031970557,5022418,1,SEA,20931,GR5787,12,NULL,20931GR578712,133,1,1,12/23/2009,Sea,Sea,$43.15
436455,31604364559,APLU031970557,NULL,JCREW,1/10/2010,5022418,20931,CN,186,APLU031970557,5022418,1,SEA,20931,GR5787,14,NULL,20931GR578714,134,1,1,12/23/2009,Sea,Sea,$43.15
436455,31604364559,APLU031970557,NULL,JCREW,1/10/2010,5022418,20931,CN,186,APLU031970557,5022418,1,SEA,20931,GR5787,5-Apr,NULL,20931GR57874-5,135,3,3,12/23/2009,Sea,Sea,$43.15
436455,31604364559,APLU031970557,NULL,JCREW,1/10/2010,5022418,20931,CN,186,APLU031970557,5022418,1,SEA,20931,GR5787,7-Jun,NULL,20931GR57876-7,136,3,3,12/23/2009,Sea,Sea,$43.15
436455,31604364559,APLU031970557,NULL,JCREW,1/10/2010,5022418,20931,CN,186,APLU031970557,5022418,1,SEA,20931,GR5798,2,NULL,20931GR57982,137,1,1,12/23/2009,Sea,Sea,$42.65
436455,31604364559,APLU031970557,NULL,JCREW,1/10/2010,5022418,20931,CN,186,APLU031970557,5022418,1,SEA,20931,GR5798,3,NULL,20931GR57983,138,1,1,12/23/2009,Sea,Sea,$42.65
436455,31604364559,APLU031970557,NULL,JCREW,1/10/2010,5022418,20931,CN,186,APLU031970557,5022418,1,SEA,20931,GR5798,8,NULL,20931GR57988,139,2,2,12/23/2009,Sea,Sea,$42.65
436455,31604364559,APLU031970557,NULL,JCREW,1/10/2010,5022418,20931,CN,186,APLU031970557,5022418,1,SEA,20931,GR5798,10,NULL,20931GR579810,140,2,2,12/23/2009,Sea,Sea,$42.65
436455,31604364559,APLU031970557,NULL,JCREW,1/10/2010,5022418,20931,CN,186,APLU031970557,5022418,1,SEA,20931,GR5798,12,NULL,20931GR579812,141,1,1,12/23/2009,Sea,Sea,$42.65
436455,31604364559,APLU031970557,NULL,JCREW,1/10/2010,5022418,20931,CN,186,APLU031970557,5022418,1,SEA,20931,GR5798,14,NULL,20931GR579814,142,1,1,12/23/2009,Sea,Sea,$42.65
436455,31604364559,APLU031970557,NULL,JCREW,1/10/2010,5022418,20931,CN,186,APLU031970557,5022418,1,SEA,20931,GR5798,5-Apr,NULL,20931GR57984-5,143,3,3,12/23/2009,Sea,Sea,$42.65
436455,31604364559,APLU031970557,NULL,JCREW,1/10/2010,5022418,20931,CN,186,APLU031970557,5022418,1,SEA,20931,GR5798,7-Jun,NULL,20931GR57986-7,144,4,4,12/23/2009,Sea,Sea,$42.65
436455,31604364559,APLU031970557,NULL,JCREW,1/10/2010,5022418,20931,CN,186,APLU031970557,5022418,1,SEA,20931,GR6986,2,NULL,20931GR69862,145,1,1,12/23/2009,Sea,Sea,$43.15
436455,31604364559,APLU031970557,NULL,JCREW,1/10/2010,5022418,20931,CN,186,APLU031970557,5022418,1,SEA,20931,GR6986,3,NULL,20931GR69863,146,1,1,12/23/2009,Sea,Sea,$43.15
436455,31604364559,APLU031970557,NULL,JCREW,1/10/2010,5022418,20931,CN,186,APLU031970557,5022418,1,SEA,20931,GR6986,8,NULL,20931GR69868,147,2,2,12/23/2009,Sea,Sea,$43.15
436455,31604364559,APLU031970557,NULL,JCREW,1/10/2010,5022418,20931,CN,186,APLU031970557,5022418,1,SEA,20931,GR6986,10,NULL,20931GR698610,148,2,2,12/23/2009,Sea,Sea,$43.15
436455,31604364559,APLU031970557,NULL,JCREW,1/10/2010,5022418,20931,CN,186,APLU031970557,5022418,1,SEA,20931,GR6986,12,NULL,20931GR698612,149,1,1,12/23/2009,Sea,Sea,$43.15
436455,31604364559,APLU031970557,NULL,JCREW,1/10/2010,5022418,20931,CN,186,APLU031970557,5022418,1,SEA,20931,GR6986,14,NULL,20931GR698614,150,1,1,12/23/2009,Sea,Sea,$43.15
436455,31604364559,APLU031970557,NULL,JCREW,1/10/2010,5022418,20931,CN,186,APLU031970557,5022418,1,SEA,20931,GR6986,5-Apr,NULL,20931GR69864-5,151,3,3,12/23/2009,Sea,Sea,$43.15
436455,31604364559,APLU031970557,NULL,JCREW,1/10/2010,5022418,20931,CN,186,APLU031970557,5022418,1,SEA,20931,GR6986,7-Jun,NULL,20931GR69866-7,152,3,3,12/23/2009,Sea,Sea,$43.15
436455,31604364559,APLU031970557,NULL,JCREW,1/10/2010,5022418,20931,CN,186,APLU031970557,5022418,1,SEA,20931,GY6000,2,NULL,20931GY60002,153,2,2,12/23/2009,Sea,Sea,$42.65
436455,31604364559,APLU031970557,NULL,JCREW,1/10/2010,5022418,20931,CN,186,APLU031970557,5022418,1,SEA,20931,GY6000,3,NULL,20931GY60003,154,2,2,12/23/2009,Sea,Sea,$42.65
436455,31604364559,APLU031970557,NULL,JCREW,1/10/2010,5022418,20931,CN,186,APLU031970557,5022418,1,SEA,20931,GY6000,8,NULL,20931GY60008,155,3,3,12/23/2009,Sea,Sea,$42.65
436455,31604364559,APLU031970557,NULL,JCREW,1/10/2010,5022418,20931,CN,186,APLU031970557,5022418,1,SEA,20931,GY6000,10,NULL,20931GY600010,156,2,2,12/23/2009,Sea,Sea,$42.65
436455,31604364559,APLU031970557,NULL,JCREW,1/10/2010,5021202,24143,CN,38,APLU031970557,5021202,1,SEA,24143,NA6434,8,NULL,24143NA64348,102,11,11,12/23/2009,Sea,Sea,$60.00
436455,31604364559,APLU031970557,NULL,JCREW,1/10/2010,5021202,24143,CN,38,APLU031970557,5021202,1,SEA,24143,NA6434,10,NULL,24143NA643410,103,8,8,12/23/2009,Sea,Sea,$60.00
436455,31604364559,APLU031970557,NULL,JCREW,1/10/2010,5021202,24143,CN,38,APLU031970557,5021202,1,SEA,24143,NA6434,12,NULL,24143NA643412,104,6,6,12/23/2009,Sea,Sea,$60.00
436455,31604364559,APLU031970557,NULL,JCREW,1/10/2010,5021202,24143,CN,38,APLU031970557,5021202,1,SEA,24143,NA6434,7-Jun,NULL,24143NA64346-7,106,13,13,12/23/2009,Sea,Sea,$60.00
436455,31604364559,APLU031970557,NULL,JCREW,1/10/2010,8018503,24143,CN,17,APLU031970557,8018503,1,SEA,24143,NA6434,8,NULL,24143NA64348,101,3,3,12/23/2009,Sea,Sea,$60.00
436455,31604364559,APLU031970557,NULL,JCREW,1/10/2010,8018503,24143,CN,17,APLU031970557,8018503,1,SEA,24143,NA6434,10,NULL,24143NA643410,102,3,3,12/23/2009,Sea,Sea,$60.00
436455,31604364559,APLU031970557,NULL,JCREW,1/10/2010,8018503,24143,CN,17,APLU031970557,8018503,1,SEA,24143,NA6434,12,NULL,24143NA643412,103,3,3,12/23/2009,Sea,Sea,$60.00
436455,31604364559,APLU031970557,NULL,JCREW,1/10/2010,8018503,24143,CN,17,APLU031970557,8018503,1,SEA,24143,NA6434,14,NULL,24143NA643414,104,5,5,12/23/2009,Sea,Sea,$60.00
436455,31604364559,APLU031970557,NULL,JCREW,1/10/2010,8018503,24143,CN,17,APLU031970557,8018503,1,SEA,24143,NA6434,5-Apr,NULL,24143NA64344-5,105,1,1,12/23/2009,Sea,Sea,$60.00
436455,31604364559,APLU031970557,NULL,JCREW,1/10/2010,8018503,24143,CN,17,APLU031970557,8018503,1,SEA,24143,NA6434,7-Jun,NULL,24143NA64346-7,106,2,2,12/23/2009,Sea,Sea,$60.00
436455,31604364559,APLU031970557,NULL,JCREW,1/10/2010,2575616,12992,CN,988,APLU031970557,2575616,1,SEA,12992,WW9017,L-XL,NULL,12992WW9017L-XL,103,395,395,12/23/2009,Sea,Sea,$6.72
436455,31604364559,APLU031970557,NULL,JCREW,1/10/2010,2575616,12992,CN,988,APLU031970557,2575616,1,SEA,12992,WW9017,S-M,NULL,12992WW9017S-M,102,593,593,12/23/2009,Sea,Sea,$6.72
